ax;ay;az;temp;dax;day;daz;iax;iay;iaz;norm
-0.58;-0.1;0.88;192146;0;0;0;-0.06;-0.01;0.09;1.12
-0.58;-0.1;0.88;192146;0.06;0.06;-0.02;-0.12;-0.02;0.18;1.11
-0.58;-0.09;0.88;192146;-0.06;0.05;-0.01;-0.17;-0.03;0.26;1.11
-0.57;-0.08;0.87;192146;0.1;0.12;-0.05;-0.23;-0.04;0.35;1.09
-0.57;-0.1;0.87;192146;0;-0.18;0.03;-0.29;-0.05;0.44;1.1
-0.87;-0.15;0.96;192146;-3.02;-0.58;0.91;-0.38;-0.06;0.53;1.72
-0.93;-0.1;1.03;192147;-0.57;0.52;0.62;-0.47;-0.07;0.64;1.93
-0.93;-0.23;1;192147;0.05;-1.24;-0.29;-0.56;-0.09;0.74;1.9
-0.65;-0.18;0.9;192147;2.76;0.49;-0.94;-0.63;-0.11;0.83;1.27
-0.06;-0.13;0.9;192147;5.9;0.51;-0.08;-0.63;-0.12;0.92;0.82
0.4;-0.1;0.64;192147;4.65;0.22;-2.6;-0.59;-0.13;0.98;0.58
0.28;-0.1;0.45;192147;-1.23;0.01;-1.81;-0.56;-0.14;1.03;0.3
-0.11;-0.18;0.53;192147;-3.95;-0.81;0.8;-0.58;-0.16;1.08;0.33
-0.77;-0.15;0.92;192147;-6.57;0.29;3.87;-0.65;-0.18;1.17;1.47
-1.25;-0.26;1.03;192147;-4.82;-1.11;1.07;-0.78;-0.2;1.27;2.7
-1.33;-0.27;0.76;192147;-0.74;-0.04;-2.68;-0.91;-0.23;1.35;2.41
-1.15;-0.11;0.62;192148;1.72;1.58;-1.45;-1.03;-0.24;1.41;1.72
-0.99;-0.62;0.82;192148;1.64;-5.05;2.06;-1.12;-0.3;1.49;2.03
-0.43;-0.2;1.03;192148;5.57;4.12;2.06;-1.17;-0.32;1.6;1.29
0.1;-0.17;0.91;192148;5.3;0.34;-1.18;-1.16;-0.34;1.69;0.87
0.11;-0.13;0.6;192148;0.1;0.36;-3.12;-1.15;-0.35;1.75;0.39
-0.12;-0.24;0.4;192148;-2.28;-1.06;-1.98;-1.16;-0.38;1.79;0.23
-0.48;-0.04;0.51;192148;-3.54;2.01;1.12;-1.21;-0.38;1.84;0.49
-1.12;-0.27;0.89;192148;-6.49;-2.29;3.76;-1.32;-0.41;1.93;2.13
-1.36;-0.29;1.1;192148;-2.32;-0.19;2.12;-1.46;-0.44;2.04;3.13
-1.28;-0.21;0.79;192148;0.76;0.83;-3.15;-1.58;-0.46;2.12;2.3
-1.12;-0.41;0.8;192149;1.57;-2.03;0.12;-1.7;-0.5;2.2;2.07
-0.76;-0.31;0.74;192149;3.61;0.96;-0.54;-1.77;-0.53;2.27;1.23
-0.14;-0.16;0.86;192149;6.26;1.51;1.17;-1.79;-0.55;2.36;0.79
0.14;-0.29;0.9;192149;2.72;-1.27;0.34;-1.77;-0.58;2.45;0.9
0.04;-0.16;0.67;192149;-0.99;1.26;-2.28;-1.77;-0.59;2.51;0.47
-0.21;-0.23;0.47;192149;-2.5;-0.64;-1.99;-1.79;-0.61;2.56;0.32
-0.46;-0.17;0.69;192149;-2.49;0.59;2.17;-1.84;-0.63;2.63;0.71
-0.87;-0.17;0.99;192149;-4.04;-0.02;3.08;-1.92;-0.65;2.73;1.77
-1.31;-0.36;1.1;192149;-4.44;-1.9;1.03;-2.05;-0.68;2.84;3.05
-1.34;-0.19;0.87;192149;-0.33;1.73;-2.23;-2.19;-0.7;2.92;2.6
-1.14;-0.45;0.59;192150;1.99;-2.61;-2.8;-2.3;-0.75;2.98;1.86
-0.92;-0.3;0.84;192150;2.21;1.43;2.45;-2.39;-0.78;3.07;1.65
-0.52;-0.15;0.95;192150;4.07;1.59;1.12;-2.45;-0.79;3.16;1.19
0.09;-0.23;0.79;192150;6.02;-0.84;-1.58;-2.44;-0.82;3.24;0.69
0.1;-0.16;0.56;192150;0.1;0.66;-2.37;-2.43;-0.83;3.3;0.34
0.05;-0.24;0.56;192150;-0.41;-0.74;0.02;-2.42;-0.86;3.35;0.37
-0.18;-0.02;0.61;192150;-2.31;2.16;0.48;-2.44;-0.86;3.41;0.4
-0.8;-0.04;0.76;192150;-6.27;-0.15;1.54;-2.52;-0.86;3.49;1.22
-1.38;-0.37;0.73;192150;-5.77;-3.35;-0.32;-2.66;-0.9;3.56;2.57
-1.46;-0.18;1.15;192150;-0.8;1.92;4.18;-2.8;-0.92;3.68;3.48
-1.38;-0.28;0.74;192151;0.84;-0.97;-4.07;-2.94;-0.94;3.75;2.51
-1.12;-0.31;0.64;192151;2.51;-0.29;-0.95;-3.05;-0.97;3.82;1.77
-0.75;-0.24;0.85;192151;3.73;0.64;2.08;-3.13;-1;3.9;1.35
-0.13;-0.13;0.79;192151;6.26;1.09;-0.64;-3.14;-1.01;3.98;0.65
0.18;-0.18;0.58;192151;3.1;-0.48;-2.03;-3.12;-1.03;4.04;0.41
0.12;-0.19;0.42;192151;-0.66;-0.11;-1.61;-3.11;-1.05;4.08;0.23
-0.06;0.06;0.54;192151;-1.81;2.56;1.13;-3.12;-1.04;4.13;0.3
-0.8;-0.05;0.67;192151;-7.37;-1.11;1.36;-3.2;-1.05;4.2;1.1
-1.36;-0.23;0.89;192151;-5.62;-1.77;2.19;-3.33;-1.07;4.29;2.7
-1.48;-0.11;0.8;192151;-1.21;1.17;-0.88;-3.48;-1.08;4.37;2.86
-1.47;-0.23;1.13;192152;0.18;-1.26;3.29;-3.63;-1.11;4.48;3.48
-1.02;-0.24;0.77;192152;4.41;-0.03;-3.59;-3.73;-1.13;4.56;1.7
-0.47;-0.15;0.69;192152;5.52;0.87;-0.79;-3.78;-1.14;4.63;0.73
-0.01;-0.17;0.69;192152;4.67;-0.17;-0.06;-3.78;-1.16;4.7;0.5
0.26;-0.2;0.64;192152;2.66;-0.32;-0.46;-3.75;-1.18;4.76;0.52
0.05;-0.11;0.55;192152;-2.15;0.86;-0.97;-3.75;-1.19;4.82;0.31
-0.16;0.11;0.68;192152;-2.06;2.22;1.34;-3.77;-1.18;4.89;0.5
-0.76;0;0.81;192152;-5.97;-1.04;1.33;-3.84;-1.18;4.97;1.23
-1.27;-0.12;0.82;192152;-5.1;-1.21;0.1;-3.97;-1.19;5.05;2.3
-1.38;-0.17;0.65;192152;-1.15;-0.5;-1.68;-4.11;-1.21;5.12;2.37
-1.38;-0.29;0.85;192153;0.03;-1.27;1.94;-4.24;-1.24;5.2;2.71
-1.24;-0.29;0.9;192153;1.37;0.03;0.48;-4.37;-1.27;5.29;2.43
-0.86;-0.13;0.77;192153;3.85;1.63;-1.23;-4.45;-1.28;5.37;1.35
-0.36;-0.26;0.61;192153;4.98;-1.3;-1.65;-4.49;-1.31;5.43;0.57
0.03;-0.1;0.53;192153;3.89;1.58;-0.75;-4.49;-1.32;5.48;0.3
0.08;-0.22;0.58;192153;0.53;-1.18;0.5;-4.48;-1.34;5.54;0.4
-0.03;-0.11;0.64;192153;-1.16;1.09;0.51;-4.48;-1.35;5.6;0.42
-0.6;-0.47;0.69;192153;-5.69;-3.64;0.5;-4.54;-1.4;5.67;1.06
-1.01;-0.2;0.83;192153;-4.12;2.78;1.49;-4.64;-1.42;5.76;1.76
-1.33;-0.24;0.8;192153;-3.12;-0.43;-0.31;-4.78;-1.44;5.84;2.46
-1.31;-0.24;0.71;192154;0.13;-0.02;-0.93;-4.91;-1.46;5.91;2.29
-1.29;-0.34;0.88;192154;0.27;-0.95;1.71;-5.04;-1.5;6;2.55
-0.89;-0.21;0.85;192154;3.96;1.31;-0.28;-5.12;-1.52;6.08;1.56
-0.23;-0.15;0.84;192154;6.59;0.5;-0.09;-5.15;-1.53;6.16;0.79
-0.1;-0.17;0.57;192154;1.29;-0.16;-2.7;-5.16;-1.55;6.22;0.37
0.06;-0.13;0.46;192154;1.6;0.37;-1.2;-5.15;-1.56;6.27;0.23
-0.19;-0.07;0.59;192154;-2.5;0.6;1.35;-5.17;-1.57;6.33;0.39
-0.73;-0.06;0.73;192154;-5.41;0.16;1.45;-5.24;-1.58;6.4;1.08
-1.25;-0.22;0.87;192154;-5.21;-1.59;1.31;-5.37;-1.6;6.49;2.37
-1.36;-0.17;0.77;192154;-1.03;0.42;-0.92;-5.51;-1.62;6.56;2.47
-1.3;-0.29;0.67;192155;0.58;-1.14;-1.02;-5.64;-1.65;6.63;2.22
-1.15;-0.3;0.88;192155;1.48;-0.11;2.04;-5.75;-1.68;6.72;2.18
-0.84;-0.24;0.86;192155;3.09;0.62;-0.13;-5.83;-1.7;6.81;1.51
-0.27;-0.21;0.73;192155;5.7;0.31;-1.33;-5.86;-1.72;6.88;0.65
0.01;-0.14;0.54;192155;2.81;0.67;-1.87;-5.86;-1.73;6.93;0.31
-0.09;-0.17;0.58;192155;-0.99;-0.32;0.4;-5.87;-1.75;6.99;0.38
-0.23;-0.07;0.63;192155;-1.44;1.05;0.46;-5.89;-1.76;7.05;0.45
-0.61;0.16;0.72;192155;-3.76;2.25;0.92;-5.95;-1.74;7.13;0.91
-1.14;-0.21;0.72;192155;-5.32;-3.69;0.05;-6.07;-1.76;7.2;1.87
-1.2;-0.14;0.78;192155;-0.57;0.69;0.55;-6.19;-1.78;7.28;2.06
-1.21;-0.25;0.5;192156;-0.14;-1.11;-2.78;-6.31;-1.8;7.33;1.78
-1.2;-0.39;0.79;192156;0.14;-1.33;2.85;-6.43;-1.84;7.4;2.2
-0.89;-0.16;0.78;192156;3.03;2.29;-0.11;-6.52;-1.86;7.48;1.42
-0.45;-0.29;0.86;192156;4.43;-1.38;0.84;-6.56;-1.89;7.57;1.03
-0.06;-0.01;0.56;192156;3.88;2.88;-2.96;-6.57;-1.89;7.62;0.32
-0.09;-0.27;0.52;192156;-0.28;-2.67;-0.45;-6.58;-1.91;7.68;0.35
-0.25;-0.06;0.59;192156;-1.62;2.14;0.7;-6.6;-1.92;7.74;0.41
-0.52;0.04;0.69;192156;-2.67;0.98;1.06;-6.66;-1.92;7.8;0.75
-1.06;-0.31;0.96;192156;-5.41;-3.46;2.68;-6.76;-1.95;7.9;2.14
-1.34;-0.12;0.97;192156;-2.77;1.87;0.05;-6.9;-1.96;8;2.74
-1.29;-0.22;0.66;192157;0.51;-1.04;-3.11;-7.02;-1.98;8.06;2.14
-1.07;-0.29;0.9;192157;2.11;-0.62;2.47;-7.13;-2.01;8.15;2.05
-0.71;-0.14;1.01;192157;3.63;1.5;1.03;-7.2;-2.02;8.25;1.54
-0.28;-0.13;0.83;192157;4.31;0.01;-1.8;-7.23;-2.04;8.34;0.78
-0.07;-0.1;0.5;192157;2.08;0.38;-3.26;-7.24;-2.05;8.39;0.26
-0.08;-0.16;0.47;192157;-0.12;-0.6;-0.29;-7.25;-2.06;8.43;0.25
-0.21;0.07;0.6;192157;-1.3;2.3;1.28;-7.27;-2.06;8.49;0.41
-0.76;0.07;0.88;192157;-5.48;-0.01;2.77;-7.34;-2.05;8.58;1.35
-1.26;-0.13;1.01;192157;-5.01;-2;1.3;-7.47;-2.06;8.68;2.62
-1.38;-0.2;0.72;192157;-1.19;-0.77;-2.82;-7.61;-2.08;8.75;2.48
-1.29;-0.3;0.72;192158;0.89;-0.92;-0.05;-7.74;-2.11;8.83;2.27
-1.14;-0.13;0.84;192158;1.52;1.66;1.19;-7.85;-2.12;8.91;2.02
-0.55;-0.28;0.8;192158;5.9;-1.46;-0.38;-7.91;-2.15;8.99;1.02
0.08;0.01;0.84;192158;6.3;2.87;0.42;-7.9;-2.15;9.07;0.71
-0.06;-0.13;0.66;192158;-1.38;-1.39;-1.76;-7.91;-2.16;9.14;0.46
-0.19;-0.1;0.51;192158;-1.33;0.25;-1.55;-7.92;-2.17;9.19;0.31
-0.5;-0.14;0.61;192158;-3.1;-0.39;1;-7.97;-2.19;9.25;0.64
-0.86;0.01;0.73;192158;-3.61;1.53;1.18;-8.06;-2.19;9.32;1.27
-1.36;-0.15;0.91;192158;-4.96;-1.66;1.84;-8.2;-2.2;9.42;2.7
-1.39;-0.21;0.84;192158;-0.31;-0.57;-0.68;-8.34;-2.22;9.5;2.68
-1.22;-0.16;0.84;192159;1.67;0.48;0.01;-8.46;-2.24;9.58;2.23
-0.95;-0.25;0.83;192159;2.68;-0.83;-0.12;-8.55;-2.26;9.67;1.66
-0.39;-0.15;0.86;192159;5.69;0.94;0.26;-8.59;-2.28;9.75;0.91
0.06;-0.06;0.72;192159;4.42;0.87;-1.43;-8.59;-2.29;9.82;0.52
0.07;-0.17;0.54;192159;0.15;-1.04;-1.72;-8.58;-2.3;9.88;0.33
-0.09;-0.03;0.47;192159;-1.64;1.35;-0.69;-8.59;-2.31;9.93;0.23
-0.46;0.31;0.55;192159;-3.71;3.49;0.74;-8.63;-2.27;9.98;0.61
-1.04;-0.11;0.97;192159;-5.78;-4.28;4.22;-8.74;-2.29;10.08;2.04
-1.33;-0.1;0.91;192159;-2.85;0.14;-0.6;-8.87;-2.3;10.17;2.6
-1.33;-0.22;0.79;192159;-0.05;-1.2;-1.25;-9;-2.32;10.25;2.44
-1.22;-0.32;0.83;19220;1.15;-0.98;0.44;-9.13;-2.35;10.33;2.27
-0.93;-0.28;0.68;19220;2.87;0.33;-1.5;-9.22;-2.38;10.4;1.41
-0.37;-0.21;0.86;19220;5.58;0.75;1.82;-9.26;-2.4;10.49;0.92
0.09;-0.1;0.8;19220;4.63;1.07;-0.62;-9.25;-2.41;10.57;0.66
0.03;-0.18;0.77;19220;-0.62;-0.77;-0.26;-9.24;-2.43;10.64;0.63
-0.15;-0.12;0.44;19220;-1.77;0.58;-3.39;-9.26;-2.44;10.69;0.23
-0.37;0.06;0.57;19220;-2.21;1.8;1.35;-9.29;-2.43;10.74;0.46
-1.01;-0.3;0.85;19220;-6.4;-3.54;2.81;-9.4;-2.46;10.83;1.83
-1.25;-0.04;1.01;19220;-2.41;2.54;1.58;-9.52;-2.47;10.93;2.58
-1.36;-0.32;0.76;19220;-1.08;-2.74;-2.5;-9.66;-2.5;11.01;2.52
-1.23;-0.45;0.79;19221;1.22;-1.37;0.26;-9.78;-2.54;11.08;2.35
-0.93;-0.11;0.96;19221;3.1;3.42;1.76;-9.87;-2.55;11.18;1.8
-0.41;-0.2;0.58;19221;5.12;-0.9;-3.8;-9.91;-2.57;11.24;0.55
0.1;-0.09;0.78;19221;5.09;1.14;1.99;-9.9;-2.58;11.32;0.63
0.17;-0.03;0.77;19221;0.74;0.54;-0.09;-9.89;-2.59;11.39;0.63
-0.09;-0.17;0.54;19221;-2.62;-1.38;-2.3;-9.9;-2.6;11.45;0.33
-0.6;-0.19;0.61;19221;-5.05;-0.24;0.66;-9.96;-2.62;11.51;0.77
-1.02;0.16;0.92;19221;-4.24;3.57;3.15;-10.06;-2.61;11.6;1.92
-1.33;-0.2;1.07;19221;-3.13;-3.65;1.49;-10.19;-2.63;11.71;2.97
-1.27;-0.12;0.63;19221;0.6;0.83;-4.44;-10.32;-2.64;11.77;2.03
-1.23;-0.41;1.02;19222;0.4;-2.87;3.88;-10.44;-2.68;11.87;2.72
-0.94;-0.21;0.92;19222;2.99;1.93;-0.98;-10.54;-2.7;11.97;1.77
-0.43;-0.17;0.76;19222;5.04;0.47;-1.57;-10.58;-2.72;12.04;0.8
0.18;-0.07;0.59;19222;6.11;0.94;-1.74;-10.56;-2.72;12.1;0.38
0.27;-0.07;0.66;19222;0.91;0.08;0.73;-10.53;-2.73;12.17;0.52
0.01;-0.09;0.43;19222;-2.63;-0.29;-2.36;-10.53;-2.74;12.21;0.19
-0.38;-0.04;0.73;19222;-3.93;0.57;2.99;-10.57;-2.74;12.28;0.68
-1.19;0.19;0.9;19222;-8.04;2.32;1.74;-10.69;-2.73;12.37;2.26
-1.33;-0.16;0.96;19222;-1.45;-3.57;0.64;-10.82;-2.74;12.47;2.73
-1.33;-0.03;0.71;19222;0.05;1.33;-2.5;-10.96;-2.74;12.54;2.28
-1.35;-0.26;0.94;19223;-0.21;-2.32;2.27;-11.09;-2.77;12.63;2.77
-0.92;-0.11;0.79;19223;4.26;1.54;-1.49;-11.18;-2.78;12.71;1.49
-0.38;-0.08;0.87;19223;5.43;0.29;0.8;-11.22;-2.79;12.8;0.91
0.17;-0.06;0.63;19223;5.5;0.2;-2.37;-11.2;-2.8;12.86;0.43
0.06;-0.08;0.54;19223;-1.14;-0.17;-0.89;-11.2;-2.8;12.92;0.31
-0.13;-0.07;0.64;19223;-1.84;0.08;1;-11.21;-2.81;12.98;0.44
-1.08;0.41;0.64;19223;-9.52;4.78;-0.09;-11.32;-2.77;13.05;1.74
-1.16;-0.05;0.85;19223;-0.84;-4.6;2.15;-11.44;-2.77;13.13;2.08
-1.47;-0.05;0.64;19223;-3.11;0.03;-2.07;-11.58;-2.78;13.2;2.59
-1.5;-0.22;1.07;19223;-0.24;-1.76;4.25;-11.73;-2.8;13.3;3.44
-1.27;-0.18;0.98;19224;2.25;0.46;-0.86;-11.86;-2.82;13.4;2.62
-0.65;-0.16;0.61;19224;6.26;0.21;-3.75;-11.93;-2.83;13.46;0.81
-0.05;-0.08;0.8;19224;5.93;0.81;1.9;-11.93;-2.84;13.54;0.65
0.08;-0.08;0.61;19224;1.31;-0.1;-1.85;-11.92;-2.85;13.6;0.39
0.06;-0.15;0.56;19224;-0.15;-0.69;-0.54;-11.92;-2.87;13.66;0.34
-0.3;-0.05;0.59;19224;-3.66;1.03;0.26;-11.95;-2.87;13.72;0.44
-1.04;0.92;0.73;19224;-7.35;9.67;1.46;-12.05;-2.78;13.79;2.45
-1.41;0.01;0.61;19224;-3.7;-9.05;-1.22;-12.19;-2.78;13.85;2.36
-1.61;-0.1;0.96;19224;-2.02;-1.08;3.48;-12.35;-2.79;13.95;3.52
-1.46;-0.14;0.84;19224;1.55;-0.44;-1.13;-12.5;-2.8;14.03;2.85
-0.94;-0.2;0.64;19225;5.16;-0.63;-2.09;-12.59;-2.82;14.1;1.33
-0.37;-0.16;0.66;19225;5.72;0.42;0.23;-12.63;-2.84;14.16;0.6
0.08;-0.09;0.82;19225;4.47;0.71;1.6;-12.62;-2.85;14.24;0.68
-0.05;-0.08;0.69;19225;-1.33;0.16;-1.29;-12.63;-2.86;14.31;0.48
-0.08;-0.16;0.58;19225;-0.27;-0.87;-1.05;-12.63;-2.87;14.37;0.37
-0.31;0.1;0.58;19225;-2.28;2.59;-0.05;-12.67;-2.86;14.43;0.44
-0.9;0.2;0.82;19225;-5.94;1;2.36;-12.76;-2.84;14.51;1.52
-1.64;-0.34;0.67;19225;-7.32;-5.33;-1.5;-12.92;-2.88;14.58;3.24
-1.58;-0.14;0.87;19225;0.61;2.02;2.09;-13.08;-2.89;14.66;3.27
-1.47;-0.34;0.93;19225;1.05;-2.03;0.52;-13.22;-2.92;14.76;3.14
-0.92;-0.06;0.55;19226;5.51;2.78;-3.72;-13.32;-2.93;14.81;1.16
-0.25;-0.09;0.74;19226;6.67;-0.32;1.87;-13.34;-2.94;14.89;0.62
0.06;-0.04;0.67;19226;3.19;0.56;-0.73;-13.34;-2.94;14.95;0.45
0.01;-0.12;0.69;19226;-0.58;-0.87;0.21;-13.33;-2.95;15.02;0.49
-0.16;-0.13;0.39;19226;-1.72;-0.08;-3.04;-13.35;-2.97;15.06;0.19
-0.35;-0.2;1.04;192326;0;0;0;-0.03;-0.02;0.1;1.24
-0.35;-0.21;1.04;192326;0.02;-0.09;0.03;-0.07;-0.04;0.21;1.25
-0.39;-0.2;1.08;192326;-0.44;0.07;0.34;-0.11;-0.06;0.32;1.35
-0.39;-0.21;1.06;192326;0;-0.02;-0.15;-0.15;-0.08;0.42;1.32
-0.31;-0.19;1.09;192326;0.78;0.16;0.27;-0.18;-0.1;0.53;1.32
-0.38;-0.2;1.02;192326;-0.73;-0.09;-0.65;-0.22;-0.12;0.63;1.23
-0.16;-0.16;1.04;192326;2.23;0.38;0.16;-0.23;-0.14;0.74;1.13
0.02;0.01;0.64;192326;1.83;1.68;-3.97;-0.23;-0.14;0.8;0.41
-0.45;-0.15;0.61;192326;-4.69;-1.53;-0.34;-0.28;-0.15;0.86;0.59
-0.96;-0.28;0.75;192326;-5.09;-1.33;1.41;-0.37;-0.18;0.94;1.56
-1.2;-0.45;0.84;192327;-2.43;-1.68;0.88;-0.49;-0.22;1.02;2.34
-1.26;-0.32;0.76;192327;-0.62;1.3;-0.81;-0.62;-0.26;1.1;2.27
-1.15;-0.32;0.79;192327;1.15;-0.03;0.29;-0.73;-0.29;1.17;2.04
-0.72;-0.15;1.07;192327;4.25;1.76;2.83;-0.8;-0.3;1.28;1.69
-0.16;-0.44;0.67;192327;5.6;-2.95;-3.97;-0.82;-0.35;1.35;0.67
0.12;-0.08;0.54;192327;2.83;3.66;-1.33;-0.81;-0.35;1.4;0.31
-0.07;-0.32;0.48;192327;-1.88;-2.47;-0.6;-0.81;-0.39;1.45;0.34
-0.31;-0.21;0.7;192327;-2.38;1.1;2.23;-0.85;-0.41;1.52;0.63
-0.55;-0.1;0.93;192327;-2.44;1.08;2.31;-0.9;-0.42;1.61;1.19
-1.04;-0.29;0.96;192327;-4.92;-1.87;0.3;-1;-0.45;1.71;2.1
-1.33;-0.24;0.9;192328;-2.85;0.54;-0.69;-1.14;-0.47;1.8;2.62
-1.33;-0.36;0.74;192328;-0.05;-1.19;-1.57;-1.27;-0.51;1.87;2.45
-1.07;-0.29;0.79;192328;2.59;0.68;0.53;-1.38;-0.54;1.95;1.86
-0.44;-0.29;0.86;192328;6.35;-0.04;0.7;-1.42;-0.57;2.04;1.02
0.01;-0.26;0.97;192328;4.44;0.32;1.03;-1.42;-0.59;2.14;1
0.13;-0.11;0.72;192328;1.23;1.5;-2.45;-1.41;-0.6;2.21;0.55
-0.11;-0.18;0.47;192328;-2.37;-0.71;-2.51;-1.42;-0.62;2.26;0.27
-0.44;0.14;0.48;192328;-3.31;3.26;0.09;-1.46;-0.61;2.3;0.44
-1.03;-0.13;0.78;192328;-5.87;-2.71;3.05;-1.56;-0.62;2.38;1.68
-1.34;-0.24;0.82;192328;-3.17;-1.14;0.4;-1.7;-0.64;2.46;2.54
-1.49;-0.4;0.81;192329;-1.44;-1.56;-0.13;-1.85;-0.68;2.55;3.02
-1.34;-0.37;0.82;192329;1.46;0.29;0.11;-1.98;-0.72;2.63;2.6
-0.95;-0.18;0.75;192329;3.92;1.9;-0.66;-2.08;-0.74;2.7;1.5
-0.34;-0.17;0.82;192329;6.09;0.04;0.69;-2.11;-0.76;2.79;0.82
0.13;-0.17;0.67;192329;4.71;0.04;-1.52;-2.1;-0.77;2.85;0.5
0.09;-0.21;0.58;192329;-0.44;-0.37;-0.95;-2.09;-0.79;2.91;0.38
-0.19;-0.24;0.49;192329;-2.79;-0.31;-0.89;-2.11;-0.82;2.96;0.33
-0.4;0.1;0.69;192329;-2.09;3.37;2.03;-2.15;-0.81;3.03;0.65
-0.93;-0.22;0.76;192329;-5.26;-3.22;0.7;-2.24;-0.83;3.1;1.48
-1.47;-0.15;1.21;192329;-5.46;0.74;4.54;-2.39;-0.84;3.23;3.66
-1.46;-0.23;0.55;192330;0.07;-0.82;-6.65;-2.53;-0.87;3.28;2.5
-1.29;-0.31;0.82;192330;1.71;-0.76;2.71;-2.66;-0.9;3.36;2.44
-0.85;-0.09;1.04;192330;4.44;2.21;2.25;-2.75;-0.91;3.47;1.82
-0.22;-0.13;0.79;192330;6.25;-0.45;-2.54;-2.77;-0.92;3.55;0.69
0.05;-0.14;0.53;192330;2.71;-0.1;-2.58;-2.77;-0.93;3.6;0.31
0.01;-0.08;0.52;192330;-0.34;0.65;-0.12;-2.76;-0.94;3.65;0.28
-0.22;-0.32;0.5;192330;-2.36;-2.44;-0.16;-2.79;-0.97;3.7;0.41
-0.48;0.33;0.51;192330;-2.53;6.48;0.05;-2.83;-0.94;3.75;0.59
-1.05;-0.08;0.79;192330;-5.78;-4.09;2.85;-2.94;-0.95;3.83;1.75
-1.44;-0.25;0.99;192330;-3.88;-1.67;1.95;-3.08;-0.97;3.93;3.12
-1.31;-0.11;0.35;192331;1.27;1.36;-6.44;-3.22;-0.98;3.96;1.86
-1.2;-0.39;0.89;192331;1.11;-2.79;5.4;-3.34;-1.02;4.05;2.39
-0.85;-0.2;0.98;192331;3.57;1.95;0.99;-3.42;-1.04;4.15;1.72
-0.3;-0.13;0.73;192331;5.43;0.68;-2.5;-3.45;-1.06;4.23;0.65
0;-0.15;0.51;192331;3.04;-0.21;-2.24;-3.45;-1.07;4.28;0.28
-0.02;-0.23;0.45;192331;-0.21;-0.83;-0.62;-3.45;-1.09;4.32;0.26
-0.23;-0.19;0.57;192331;-2.09;0.38;1.18;-3.48;-1.11;4.38;0.41
-0.79;-0.04;0.73;192331;-5.63;1.52;1.66;-3.55;-1.12;4.45;1.17
-1.42;-0.14;0.63;192331;-6.26;-0.98;-1.01;-3.7;-1.13;4.51;2.43
-1.6;-0.23;1.17;192331;-1.84;-0.91;5.43;-3.86;-1.16;4.63;4
-1.32;-0.31;0.56;192332;2.81;-0.8;-6.14;-3.99;-1.19;4.69;2.16
-0.98;-0.34;0.8;192332;3.4;-0.27;2.34;-4.09;-1.22;4.77;1.71
-0.27;-0.25;0.82;192332;7.16;0.93;0.28;-4.11;-1.25;4.85;0.81
0.06;-0.31;0.79;192332;3.29;-0.67;-0.37;-4.11;-1.28;4.93;0.72
0.04;-0.11;0.51;192332;-0.27;2.06;-2.77;-4.1;-1.29;4.98;0.27
-0.13;-0.26;0.46;192332;-1.63;-1.5;-0.46;-4.12;-1.31;5.03;0.3
-0.52;0.21;0.43;192332;-3.94;4.71;-0.34;-4.17;-1.29;5.07;0.5
-1.32;-0.07;0.64;192332;-8.03;-2.83;2.06;-4.3;-1.3;5.13;2.16
-1.62;-0.19;0.87;192332;-2.95;-1.17;2.3;-4.46;-1.32;5.22;3.4
-1.46;-0.2;0.84;192332;1.63;-0.17;-0.23;-4.61;-1.34;5.3;2.87
-1.16;-0.35;0.81;192333;2.93;-1.43;-0.32;-4.72;-1.37;5.38;2.13
-0.56;-0.2;0.56;192333;6.01;1.43;-2.51;-4.78;-1.39;5.44;0.67
-0.14;-0.29;0.82;192333;4.25;-0.82;2.59;-4.79;-1.42;5.52;0.77
-0.02;-0.08;0.66;192333;1.18;2.01;-1.53;-4.8;-1.43;5.59;0.45
-0.11;-0.05;0.54;192333;-0.91;0.34;-1.29;-4.81;-1.44;5.64;0.3
-0.22;-0.21;0.55;192333;-1.06;-1.63;0.1;-4.83;-1.46;5.7;0.39
-0.94;-0.1;0.44;192333;-7.27;1.11;-1.06;-4.92;-1.47;5.74;1.09
-1.37;-0.24;0.6;192333;-4.24;-1.33;1.56;-5.06;-1.49;5.8;2.28
-1.65;-0.33;1.25;192333;-2.87;-0.89;6.51;-5.23;-1.52;5.92;4.4
-1.33;-0.18;0.67;192333;3.27;1.45;-5.74;-5.36;-1.54;5.99;2.25
-0.98;-0.2;0.52;192334;3.44;-0.18;-1.56;-5.46;-1.56;6.04;1.27
-0.46;-0.26;0.7;192334;5.22;-0.66;1.86;-5.5;-1.59;6.11;0.78
-0.04;-0.18;0.74;192334;4.19;0.83;0.41;-5.51;-1.61;6.19;0.59
-0.03;-0.05;0.58;192334;0.13;1.3;-1.59;-5.51;-1.61;6.25;0.34
-0.13;-0.26;0.33;192334;-0.96;-2.1;-2.51;-5.52;-1.64;6.28;0.19
-0.51;-0.02;0.55;192334;-3.89;2.41;2.15;-5.57;-1.64;6.33;0.57
-1.04;-0.23;0.71;192334;-5.26;-2.11;1.65;-5.68;-1.66;6.41;1.64
-1.34;-0.25;0.64;192334;-2.97;-0.21;-0.75;-5.81;-1.69;6.47;2.26
-1.36;-0.49;0.61;192334;-0.27;-2.4;-0.3;-5.95;-1.74;6.53;2.47
-1.14;-0.4;0.72;192334;2.28;0.94;1.15;-6.06;-1.78;6.6;1.97
-0.84;-0.39;0.76;192335;3.01;0.09;0.32;-6.15;-1.82;6.68;1.42
-0.45;-0.27;0.78;192335;3.83;1.15;0.25;-6.19;-1.84;6.76;0.89
0.05;-0.16;0.61;192335;5.01;1.09;-1.74;-6.19;-1.86;6.82;0.4
-0.07;-0.15;0.43;192335;-1.21;0.19;-1.76;-6.19;-1.87;6.86;0.21
-0.23;-0.16;0.55;192335;-1.56;-0.19;1.17;-6.22;-1.89;6.91;0.38
-0.61;0.12;0.73;192335;-3.83;2.85;1.79;-6.28;-1.88;6.99;0.92
-1.21;-0.21;0.76;192335;-5.99;-3.29;0.31;-6.4;-1.9;7.06;2.08
-1.42;-0.11;0.93;192335;-2.08;1.02;1.73;-6.54;-1.91;7.16;2.89
-1.35;-0.34;0.47;192335;0.73;-2.33;-4.64;-6.67;-1.94;7.2;2.14
-1.09;-0.37;0.66;192335;2.52;-0.27;1.92;-6.78;-1.98;7.27;1.76
-0.56;-0.21;1.06;192336;5.3;1.6;4.05;-6.84;-2;7.37;1.49
-0.12;0.04;0.84;192336;4.47;2.5;-2.25;-6.85;-2;7.46;0.72
-0.2;-0.23;0.59;192336;-0.87;-2.69;-2.49;-6.87;-2.02;7.52;0.44
-0.29;-0.04;0.43;192336;-0.82;1.81;-1.55;-6.9;-2.02;7.56;0.27
-0.62;0.1;0.56;192336;-3.3;1.41;1.3;-6.96;-2.01;7.62;0.71
-0.91;0.02;0.41;192336;-2.92;-0.76;-1.57;-7.05;-2.01;7.66;0.99
-1.3;-0.24;0.74;192336;-3.92;-2.63;3.29;-7.18;-2.04;7.73;2.29
-1.41;-0.18;0.83;192336;-1.07;0.59;0.97;-7.32;-2.05;7.82;2.71
-1.26;-0.13;0.75;192336;1.46;0.54;-0.83;-7.45;-2.07;7.89;2.17
-0.86;-0.22;0.73;192336;4.01;-0.88;-0.21;-7.54;-2.09;7.96;1.32
-0.2;-0.04;0.95;192337;6.59;1.8;2.19;-7.56;-2.09;8.06;0.94
-0.07;-0.23;0.65;192337;1.3;-1.96;-2.93;-7.56;-2.12;8.12;0.49
-0.03;-0.11;0.5;192337;0.42;1.28;-1.54;-7.57;-2.13;8.17;0.26
-0.24;-0.08;0.45;192337;-2.08;0.22;-0.49;-7.59;-2.13;8.22;0.27
-0.67;0.03;0.65;192337;-4.29;1.14;1.97;-7.66;-2.13;8.28;0.87
-1.04;-0.12;0.73;192337;-3.75;-1.47;0.85;-7.76;-2.14;8.36;1.64
-1.52;-0.19;0.71;192337;-4.77;-0.77;-0.24;-7.91;-2.16;8.43;2.85
-1.49;-0.25;0.65;192337;0.32;-0.54;-0.62;-8.06;-2.19;8.49;2.69
-1.14;-0.22;0.79;192337;3.45;0.23;1.47;-8.18;-2.21;8.57;1.99
-0.68;-0.1;0.77;192337;4.64;1.2;-0.24;-8.24;-2.22;8.65;1.06
-0.27;0.02;0.8;192338;4.09;1.22;0.31;-8.27;-2.22;8.73;0.72
-0.04;-0.12;0.61;192338;2.28;-1.37;-1.89;-8.27;-2.23;8.79;0.39
-0.09;-0.25;0.49;192338;-0.51;-1.29;-1.18;-8.28;-2.26;8.84;0.31
-0.3;0.01;0.58;192338;-2.07;2.6;0.9;-8.31;-2.25;8.9;0.43
-0.75;-0.05;0.73;192338;-4.48;-0.63;1.48;-8.39;-2.26;8.97;1.1
-1.21;0.03;0.83;192338;-4.59;0.8;0.95;-8.51;-2.26;9.05;2.14
-1.43;-0.12;0.72;192338;-2.19;-1.47;-1.1;-8.65;-2.27;9.13;2.56
-1.29;-0.14;0.54;192338;1.34;-0.17;-1.73;-8.78;-2.28;9.18;1.99
-1.19;-0.15;1.08;192338;1.02;-0.13;5.34;-8.9;-2.3;9.29;2.61
-0.76;0.06;0.76;192338;4.33;2.13;-3.19;-8.98;-2.29;9.36;1.16
-0.24;-0.22;0.72;192339;5.23;-2.79;-0.37;-9;-2.31;9.44;0.62
0.1;-0.01;0.6;192339;3.4;2.08;-1.27;-8.99;-2.31;9.5;0.37
0;-0.02;0.46;192339;-1.02;-0.14;-1.4;-8.99;-2.31;9.54;0.21
-0.4;-0.06;0.31;192339;-3.99;-0.4;-1.41;-9.03;-2.32;9.57;0.26
-1.13;-0.05;0.5;192339;-7.31;0.11;1.89;-9.14;-2.33;9.62;1.53
-1.59;-0.1;0.91;192339;-4.62;-0.47;4.1;-9.3;-2.34;9.71;3.37
-1.66;-0.2;0.83;192339;-0.67;-1.01;-0.82;-9.47;-2.36;9.8;3.48
-1.18;-0.49;0.65;192339;4.78;-2.93;-1.83;-9.58;-2.4;9.86;2.06
-0.63;-0.01;0.85;192339;5.54;4.84;2.02;-9.65;-2.41;9.95;1.12
-0.13;-0.03;0.78;192339;4.96;-0.22;-0.67;-9.66;-2.41;10.03;0.63
0.04;-0.14;0.52;192340;1.75;-1.11;-2.59;-9.66;-2.42;10.08;0.3
-0.09;-0.21;0.41;192340;-1.38;-0.67;-1.17;-9.67;-2.44;10.12;0.22
-0.35;0.02;0.57;192340;-2.54;2.3;1.59;-9.7;-2.44;10.18;0.44
-1.12;-0.25;0.71;192340;-7.69;-2.7;1.42;-9.81;-2.47;10.25;1.81
-1.46;-0.32;0.95;192340;-3.41;-0.72;2.37;-9.96;-2.5;10.34;3.12
-1.48;-0.39;0.63;192340;-0.22;-0.7;-3.18;-10.11;-2.54;10.4;2.73
-1.38;-0.41;0.96;192340;0.98;-0.24;3.35;-10.24;-2.58;10.5;3.01
-0.87;-0.04;0.82;192340;5.15;3.76;-1.41;-10.33;-2.58;10.58;1.43
-0.29;-0.33;0.76;192340;5.75;-2.93;-0.59;-10.36;-2.61;10.66;0.78
0.13;0.01;0.5;192340;4.22;3.45;-2.68;-10.35;-2.61;10.71;0.26
0.07;-0.27;0.43;192341;-0.63;-2.82;-0.64;-10.34;-2.64;10.75;0.26
-0.13;-0.13;0.49;192341;-2.02;1.38;0.58;-10.35;-2.65;10.8;0.27
-0.7;-0.05;0.47;192341;-5.64;0.8;-0.19;-10.42;-2.66;10.85;0.71
-1.33;-0.14;0.59;192341;-6.31;-0.86;1.18;-10.56;-2.67;10.91;2.13
-1.65;-0.63;0.7;192341;-3.21;-4.9;1.13;-10.72;-2.73;10.98;3.61
-1.49;-0.6;0.9;192341;1.58;0.29;2;-10.87;-2.79;11.07;3.39
-1.07;-0.47;0.62;192341;4.19;1.26;-2.85;-10.98;-2.84;11.13;1.75
-0.55;-0.31;0.62;192341;5.26;1.6;0;-11.03;-2.87;11.19;0.78
-0.08;0.03;0.75;192341;4.69;3.45;1.31;-11.04;-2.87;11.26;0.57
-0.07;-0.18;0.51;192341;0.05;-2.18;-2.32;-11.05;-2.89;11.32;0.3
-0.12;-0.16;0.52;192342;-0.46;0.26;0.06;-11.06;-2.9;11.37;0.31
-0.38;-0.13;0.62;192342;-2.61;0.26;0.97;-11.1;-2.92;11.43;0.54
-0.83;-0.18;0.75;192342;-4.5;-0.46;1.32;-11.18;-2.93;11.5;1.28
-1.34;-0.04;0.77;192342;-5.12;1.42;0.22;-11.31;-2.94;11.58;2.4
-1.58;-0.44;0.99;192342;-2.39;-4.09;2.22;-11.47;-2.98;11.68;3.69
-1.24;-0.35;0.72;192342;3.36;0.97;-2.71;-11.6;-3.02;11.75;2.19
-0.95;-0.29;0.92;192342;2.99;0.55;1.99;-11.69;-3.05;11.85;1.83
-0.32;-0.17;0.84;192342;6.28;1.26;-0.85;-11.72;-3.06;11.93;0.83
0.09;-0.03;0.58;192342;4.05;1.4;-2.52;-11.71;-3.06;11.99;0.35
0.06;-0.14;0.5;192342;-0.31;-1.13;-0.8;-11.71;-3.08;12.04;0.28
-0.07;-0.18;0.46;192343;-1.29;-0.4;-0.4;-11.72;-3.1;12.09;0.25
-0.55;0.3;0.56;192343;-4.76;4.8;0.91;-11.77;-3.07;12.14;0.7
-1.4;0;0.58;192343;-8.51;-2.95;0.21;-11.91;-3.07;12.2;2.29
-1.65;-0.36;0.77;192343;-2.51;-3.62;1.88;-12.08;-3.1;12.28;3.44
-1.48;-0.56;0.83;192343;1.74;-2.04;0.67;-12.22;-3.16;12.36;3.19
-1.06;-0.33;0.88;192343;4.17;2.35;0.42;-12.33;-3.19;12.45;2
-0.42;-0.06;0.84;192343;6.44;2.63;-0.39;-12.37;-3.2;12.53;0.88
-0.1;-0.45;0.84;192343;3.15;-3.83;0;-12.38;-3.24;12.61;0.91
-0.03;0.07;0.56;192343;0.74;5.14;-2.82;-12.38;-3.23;12.67;0.31
-0.22;-0.21;0.56;192343;-1.89;-2.8;0.09;-12.41;-3.26;12.73;0.41
-0.51;-0.19;0.53;192344;-2.93;0.18;-0.38;-12.46;-3.28;12.78;0.58
-0.87;0.06;0.54;192344;-3.55;2.51;0.13;-12.54;-3.27;12.83;1.04
-1.52;-0.15;0.6;192344;-6.53;-2.04;0.64;-12.7;-3.28;12.89;2.69
-1.66;-0.48;0.64;192344;-1.4;-3.29;0.34;-12.86;-3.33;12.96;3.38
-1.29;-0.06;0.91;192344;3.67;4.19;2.7;-12.99;-3.34;13.05;2.49
-0.84;-0.1;0.48;192344;4.5;-0.48;-4.28;-13.07;-3.35;13.09;0.95
-0.26;-0.25;0.76;192344;5.82;-1.46;2.77;-13.1;-3.37;13.17;0.7
0.08;0.06;0.7;192344;3.43;3.1;-0.53;-13.09;-3.37;13.24;0.5
-0.03;-0.25;0.55;192344;-1.09;-3.12;-1.56;-13.1;-3.39;13.3;0.36
-0.13;0.07;0.47;192344;-1;3.18;-0.74;-13.11;-3.39;13.34;0.24
-0.66;-0.04;0.68;192345;-5.33;-1.07;2.04;-13.17;-3.39;13.41;0.89
-1.24;-0.18;0.69;192345;-5.82;-1.43;0.12;-13.3;-3.41;13.48;2.05
-1.46;-0.22;0.87;192345;-2.24;-0.36;1.78;-13.44;-3.43;13.57;2.94
-1.45;-0.32;0.81;192345;0.12;-0.98;-0.54;-13.59;-3.46;13.65;2.87
-1.26;-0.17;0.97;192345;1.89;1.46;1.56;-13.72;-3.48;13.74;2.56
-0.64;-0.16;0.54;192345;6.21;0.11;-4.32;-13.78;-3.49;13.8;0.72
-0.17;-0.17;0.81;192345;4.76;-0.13;2.73;-13.8;-3.51;13.88;0.71
0.15;0.15;0.64;192345;3.15;3.27;-1.7;-13.78;-3.5;13.94;0.45
0;-0.36;0.54;192345;-1.53;-5.13;-1.04;-13.78;-3.53;14;0.42
-0.29;-0.03;0.63;192345;-2.82;3.33;1;-13.81;-3.53;14.06;0.48
-0.69;0.19;0.81;192346;-4.02;2.16;1.8;-13.88;-3.52;14.14;1.17
-0.2;-0.26;1.1;192516;0;0;0;-0.02;-0.03;0.11;1.33
-0.2;-0.25;1.09;192516;0.02;0.04;-0.12;-0.04;-0.05;0.22;1.3
-0.18;-0.24;1.08;192516;0.15;0.13;-0.1;-0.06;-0.07;0.33;1.26
-0.17;-0.2;1.04;192516;0.17;0.4;-0.42;-0.07;-0.09;0.43;1.15
0;-0.1;0.64;192516;1.68;1.02;-4.06;-0.07;-0.1;0.5;0.41
-0.48;-0.04;0.31;192516;-4.85;0.53;-3.3;-0.12;-0.11;0.53;0.33
-1.23;-0.21;0.58;192517;-7.44;-1.61;2.76;-0.24;-0.13;0.58;1.88
-1.58;-0.31;1.02;192517;-3.54;-1.07;4.43;-0.4;-0.16;0.69;3.64
-1.43;-0.25;0.88;192517;1.54;0.61;-1.45;-0.55;-0.19;0.77;2.87
-0.81;-0.26;0.65;192517;6.13;-0.07;-2.34;-0.63;-0.21;0.84;1.14
-0.16;-0.17;0.91;192517;6.55;0.9;2.63;-0.64;-0.23;0.93;0.88
-0.09;-0.08;0.69;192517;0.7;0.87;-2.23;-0.65;-0.24;1;0.49
-0.07;-0.2;0.5;192517;0.19;-1.18;-1.9;-0.66;-0.26;1.05;0.29
-0.26;-0.11;0.52;192517;-1.9;0.86;0.19;-0.68;-0.27;1.1;0.35
-0.66;-0.1;0.77;192517;-4.02;0.14;2.58;-0.75;-0.28;1.18;1.04
-1.19;-0.21;0.93;192517;-5.33;-1.15;1.52;-0.87;-0.3;1.27;2.33
-1.44;-0.29;0.83;192518;-2.46;-0.79;-0.92;-1.01;-0.33;1.35;2.85
-1.35;-0.7;0.77;192518;0.85;-4.03;-0.67;-1.15;-0.4;1.43;2.9
-1.02;-0.42;0.76;192518;3.3;2.76;-0.04;-1.25;-0.44;1.51;1.81
-0.32;-0.32;0.84;192518;7.04;0.95;0.78;-1.28;-0.47;1.59;0.91
0.22;-0.09;0.77;192518;5.45;2.31;-0.74;-1.26;-0.48;1.67;0.65
0.2;-0.17;0.6;192518;-0.21;-0.73;-1.67;-1.24;-0.5;1.73;0.43
-0.14;-0.24;0.46;192518;-3.42;-0.78;-1.42;-1.25;-0.52;1.77;0.29
-0.55;0.09;0.61;192518;-4.07;3.35;1.55;-1.31;-0.51;1.83;0.68
-1.1;-0.38;0.92;192518;-5.56;-4.72;3.08;-1.42;-0.55;1.93;2.21
-1.39;-0.19;0.88;192518;-2.9;1.86;-0.43;-1.56;-0.57;2.01;2.74
-1.5;-0.43;0.93;192519;-1.05;-2.38;0.49;-1.71;-0.61;2.11;3.28
-1.23;-0.37;0.9;192519;2.65;0.62;-0.24;-1.83;-0.65;2.2;2.46
-0.6;-0.35;0.76;192519;6.35;0.25;-1.39;-1.89;-0.69;2.27;1.06
0.26;-0.04;0.75;192519;8.55;3.07;-0.1;-1.86;-0.69;2.35;0.64
0.21;-0.19;0.68;192519;-0.49;-1.52;-0.76;-1.84;-0.71;2.42;0.54
-0.1;-0.29;0.54;192519;-3.11;-0.97;-1.34;-1.85;-0.74;2.47;0.39
-0.5;0.09;0.63;192519;-3.98;3.76;0.84;-1.9;-0.73;2.53;0.65
-0.73;0.1;1.03;192519;-2.34;0.07;4.02;-1.98;-0.72;2.64;1.6
-1.26;-0.15;0.9;192519;-5.23;-2.45;-1.32;-2.1;-0.73;2.73;2.4
-1.37;-0.18;0.75;192519;-1.14;-0.35;-1.44;-2.24;-0.75;2.8;2.48
-1.27;-0.34;0.93;192520;1.04;-1.56;1.74;-2.36;-0.79;2.89;2.58
-0.98;-0.29;0.78;192520;2.88;0.53;-1.48;-2.46;-0.81;2.97;1.64
-0.44;-0.29;0.72;192520;5.36;-0.05;-0.56;-2.51;-0.84;3.04;0.8
0.1;-0.09;0.92;192520;5.45;2;1.94;-2.5;-0.85;3.14;0.86
0.01;-0.14;0.75;192520;-0.94;-0.49;-1.68;-2.5;-0.87;3.21;0.58
-0.2;-0.19;0.51;192520;-2.06;-0.5;-2.36;-2.52;-0.89;3.26;0.34
-0.6;0.03;0.44;192520;-4.01;2.16;-0.69;-2.58;-0.88;3.31;0.56
-1.25;-0.28;0.79;192520;-6.53;-3.02;3.47;-2.7;-0.91;3.38;2.27
-1.44;-0.3;0.95;192520;-1.92;-0.28;1.56;-2.84;-0.94;3.48;3.07
-1.46;-0.31;0.95;192520;-0.2;-0.01;0;-2.99;-0.97;3.57;3.13
-1.16;-0.41;0.79;192521;3.02;-1.03;-1.52;-3.11;-1.01;3.65;2.15
-0.57;-0.26;0.74;192521;5.88;1.49;-0.5;-3.16;-1.04;3.73;0.95
0.14;-0.06;0.76;192521;7.12;2.03;0.11;-3.15;-1.04;3.8;0.59
0.23;-0.26;0.71;192521;0.91;-2.05;-0.49;-3.13;-1.07;3.87;0.62
0.14;-0.16;0.45;192521;-0.87;1;-2.53;-3.11;-1.09;3.92;0.25
-0.14;-0.05;0.5;192521;-2.8;1.15;0.44;-3.13;-1.09;3.97;0.27
-0.67;-0.13;0.9;192521;-5.35;-0.79;4.03;-3.19;-1.1;4.06;1.28
-1.34;-0.09;1;192521;-6.68;0.36;0.99;-3.33;-1.11;4.16;2.8
-1.54;-0.53;0.93;192521;-2.01;-4.43;-0.71;-3.48;-1.17;4.25;3.52
-1.28;-0.22;0.78;192521;2.59;3.12;-1.52;-3.61;-1.19;4.33;2.29
-1.02;-0.42;0.82;192522;2.6;-2.01;0.41;-3.71;-1.23;4.41;1.89
-0.44;-0.17;0.79;192522;5.84;2.52;-0.26;-3.76;-1.25;4.49;0.84
-0.03;-0.21;0.85;192522;4.08;-0.45;0.65;-3.76;-1.27;4.58;0.78
0.14;-0.08;0.73;192522;1.75;1.38;-1.26;-3.74;-1.28;4.65;0.56
-0.19;-0.44;0.49;192522;-3.39;-3.6;-2.35;-3.76;-1.32;4.7;0.47
-0.44;-0.02;0.54;192522;-2.48;4.17;0.48;-3.81;-1.32;4.75;0.49
-0.92;0;0.79;192522;-4.8;0.18;2.49;-3.9;-1.32;4.83;1.48
-1.38;-0.17;0.93;192522;-4.55;-1.67;1.35;-4.04;-1.34;4.92;2.78
-1.41;-0.18;0.9;192522;-0.33;-0.11;-0.28;-4.18;-1.36;5.01;2.83
-1.26;-0.17;0.91;192522;1.53;0.1;0.14;-4.3;-1.37;5.1;2.44
-0.92;-0.17;0.88;192523;3.35;0.03;-0.33;-4.4;-1.39;5.19;1.65
-0.36;-0.14;0.74;192523;5.65;0.24;-1.38;-4.43;-1.4;5.27;0.7
0.2;-0.09;0.8;192523;5.52;0.48;0.62;-4.41;-1.41;5.35;0.69
-0.02;-0.24;0.62;192523;-2.17;-1.44;-1.86;-4.42;-1.44;5.41;0.44
-0.14;-0.06;0.52;192523;-1.23;1.74;-1;-4.43;-1.44;5.46;0.29
-0.54;0.02;0.53;192523;-3.95;0.85;0.14;-4.48;-1.44;5.51;0.57
-1.22;-0.2;0.7;192523;-6.79;-2.25;1.66;-4.6;-1.46;5.58;2.01
-1.43;-0.34;0.79;192523;-2.08;-1.33;0.89;-4.75;-1.5;5.66;2.76
-1.46;-0.37;1.09;192523;-0.33;-0.37;3.06;-4.89;-1.53;5.77;3.46
-1.18;-0.34;0.62;192523;2.76;0.34;-4.67;-5.01;-1.57;5.83;1.9
-0.79;-0.27;0.5;192524;3.92;0.72;-1.21;-5.09;-1.59;5.88;0.95
-0.37;-0.28;0.91;192524;4.23;-0.18;4.03;-5.13;-1.62;5.97;1.04
0.2;-0.03;0.83;192524;5.66;2.56;-0.8;-5.11;-1.62;6.06;0.73
-0.01;-0.3;0.58;192524;-2.08;-2.77;-2.49;-5.11;-1.66;6.12;0.43
0.02;-0.02;0.57;192524;0.29;2.9;-0.09;-5.11;-1.66;6.17;0.33
-0.3;-0.02;0.7;192524;-3.2;-0.04;1.29;-5.14;-1.66;6.24;0.58
-1.07;0.04;0.65;192524;-7.73;0.64;-0.51;-5.24;-1.65;6.31;1.57
-1.45;-0.41;0.74;192524;-3.75;-4.59;0.96;-5.39;-1.7;6.38;2.82
-1.47;-0.35;1.09;192524;-0.21;0.61;3.42;-5.53;-1.73;6.49;3.46
-1.37;-0.4;0.91;192524;0.99;-0.44;-1.75;-5.67;-1.77;6.58;2.86
-0.77;-0.31;0.44;192525;5.96;0.85;-4.73;-5.75;-1.8;6.63;0.89
-0.18;-0.27;0.84;192525;5.94;0.42;4.04;-5.77;-1.83;6.71;0.82
0.09;-0.02;0.76;192525;2.72;2.54;-0.82;-5.76;-1.83;6.79;0.59
0;-0.25;0.64;192525;-0.97;-2.33;-1.19;-5.76;-1.86;6.85;0.47
-0.32;-0.01;0.43;192525;-3.13;2.39;-2.09;-5.79;-1.86;6.89;0.29
-0.79;0.38;0.51;192525;-4.73;3.9;0.81;-5.87;-1.82;6.94;1.03
-1.36;-0.5;0.81;192525;-5.74;-8.84;2.99;-6;-1.87;7.03;2.77
-1.42;-0.21;1.06;192525;-0.57;2.95;2.43;-6.15;-1.89;7.13;3.18
-1.35;-0.32;0.71;192525;0.66;-1.1;-3.41;-6.28;-1.92;7.2;2.45
-1.04;-0.25;0.72;192525;3.1;0.65;0.01;-6.39;-1.95;7.27;1.67
-0.54;-0.37;0.81;192526;5.05;-1.13;0.99;-6.44;-1.98;7.36;1.09
0.03;0.02;0.81;192526;5.73;3.85;0;-6.44;-1.98;7.44;0.66
-0.08;-0.27;0.66;192526;-1.09;-2.84;-1.53;-6.44;-2.01;7.5;0.51
0.01;-0.16;0.58;192526;0.83;1.11;-0.84;-6.44;-2.03;7.56;0.36
-0.37;-0.24;0.56;192526;-3.73;-0.84;-0.14;-6.48;-2.05;7.62;0.51
-0.72;0.19;0.79;192526;-3.56;4.27;2.28;-6.55;-2.03;7.7;1.18
-1.3;-0.34;0.99;192526;-5.77;-5.31;2.01;-6.68;-2.06;7.8;2.79
-1.42;-0.22;0.9;192526;-1.2;1.2;-0.96;-6.82;-2.09;7.88;2.86
-1.26;-0.37;0.71;192526;1.59;-1.51;-1.9;-6.95;-2.12;7.96;2.22
-0.96;-0.31;0.85;192526;3.03;0.69;1.5;-7.05;-2.16;8.04;1.74
-0.51;-0.16;0.74;192527;4.46;1.41;-1.16;-7.1;-2.17;8.11;0.83
-0.12;-0.02;0.91;192527;3.95;1.44;1.72;-7.11;-2.17;8.21;0.84
0.12;-0.14;0.63;192527;2.3;-1.21;-2.81;-7.1;-2.19;8.27;0.43
-0.04;0.02;0.52;192527;-1.56;1.61;-1.11;-7.1;-2.19;8.32;0.27
-0.26;-0.07;0.63;192527;-2.2;-0.92;1.06;-7.13;-2.19;8.38;0.46
-0.67;0.12;0.76;192527;-4.14;1.96;1.36;-7.19;-2.18;8.46;1.05
-1.38;-0.37;0.82;192527;-7.04;-4.95;0.62;-7.33;-2.22;8.54;2.72
-1.49;-0.32;0.83;192527;-1.16;0.53;0.04;-7.48;-2.25;8.62;3.02
-1.44;-0.3;0.85;192527;0.53;0.18;0.26;-7.63;-2.28;8.71;2.89
-1;-0.16;0.94;192527;4.37;1.36;0.86;-7.73;-2.3;8.8;1.92
-0.51;-0.17;0.69;192528;4.93;-0.1;-2.53;-7.78;-2.31;8.87;0.76
-0.06;-0.16;0.89;192528;4.52;0.18;2.01;-7.78;-2.33;8.96;0.81
-0.14;-0.16;0.59;192528;-0.81;-0.05;-2.95;-7.8;-2.35;9.02;0.4
-0.21;-0.33;0.4;192528;-0.74;-1.67;-1.93;-7.82;-2.38;9.06;0.31
-0.77;-0.11;0.53;192528;-5.59;2.16;1.29;-7.9;-2.39;9.11;0.89
-1.2;-0.08;0.72;192528;-4.24;0.29;1.94;-8.02;-2.4;9.18;1.96
-1.41;0.01;1.13;192528;-2.15;0.93;4.08;-8.16;-2.4;9.3;3.27
-1.39;-0.06;0.5;192528;0.17;-0.73;-6.31;-8.3;-2.4;9.35;2.2
-1.11;-0.27;0.75;192528;2.87;-2.07;2.55;-8.41;-2.43;9.42;1.87
-0.63;-0.18;0.82;192528;4.79;0.86;0.68;-8.47;-2.45;9.5;1.1
-0.19;-0.29;0.94;192529;4.38;-1.09;1.23;-8.49;-2.48;9.6;1.01
-0.07;0.02;0.64;192529;1.25;3.12;-2.99;-8.5;-2.48;9.66;0.42
-0.24;-0.08;0.51;192529;-1.71;-0.97;-1.3;-8.52;-2.48;9.72;0.33
-0.46;-0.02;0.35;192529;-2.18;0.62;-1.67;-8.56;-2.48;9.75;0.33
-0.83;0.13;0.78;192529;-3.76;1.48;4.36;-8.65;-2.47;9.83;1.32
-1.28;-0.19;0.81;192529;-4.49;-3.24;0.3;-8.78;-2.49;9.91;2.34
-1.5;-0.11;0.89;192529;-2.16;0.79;0.81;-8.93;-2.5;10;3.05
-1.29;-0.24;0.81;192529;2.09;-1.25;-0.86;-9.05;-2.53;10.08;2.36
-0.9;-0.22;0.89;192529;3.82;0.19;0.78;-9.14;-2.55;10.17;1.65
-0.32;-0.19;0.96;192529;5.84;0.3;0.71;-9.18;-2.57;10.26;1.05
0.13;-0.01;0.67;192530;4.52;1.84;-2.9;-9.16;-2.57;10.33;0.46
0.02;-0.32;0.35;192530;-1.16;-3.11;-3.12;-9.16;-2.6;10.37;0.23
-0.13;-0.08;0.39;192530;-1.45;2.38;0.39;-9.18;-2.61;10.41;0.18
-0.77;-0.45;0.86;192530;-6.38;-3.71;4.71;-9.25;-2.65;10.49;1.54
-1.22;-0.03;1;192530;-4.53;4.2;1.38;-9.37;-2.66;10.59;2.5
-1.56;-0.17;0.86;192530;-3.36;-1.39;-1.45;-9.53;-2.67;10.68;3.19
-1.49;-0.31;0.75;192530;0.68;-1.38;-1.07;-9.68;-2.7;10.75;2.87
-1.03;-0.29;0.77;192530;4.58;0.2;0.23;-9.78;-2.73;10.83;1.74
-0.45;-0.18;0.97;192530;5.77;1.09;1.98;-9.83;-2.75;10.93;1.18
0.13;-0.03;0.76;192530;5.88;1.46;-2.15;-9.81;-2.75;11;0.59
-0.12;-0.26;0.46;192531;-2.5;-2.23;-2.94;-9.82;-2.78;11.05;0.29
-0.37;-0.14;0.37;192531;-2.58;1.16;-0.96;-9.86;-2.79;11.09;0.29
-0.45;0.12;0.7;192531;-0.76;2.64;3.37;-9.91;-2.78;11.16;0.71
-1.25;-0.26;0.93;192531;-7.98;-3.84;2.29;-10.03;-2.81;11.25;2.49
-1.47;-0.13;0.92;192531;-2.22;1.28;-0.12;-10.18;-2.82;11.34;3.02
-1.22;-0.02;0.64;192531;2.49;1.14;-2.78;-10.3;-2.82;11.41;1.9
-1.13;-0.62;0.83;192531;0.91;-6;1.88;-10.41;-2.88;11.49;2.35
-0.64;-0.16;0.73;192531;4.92;4.57;-1.05;-10.48;-2.9;11.56;0.96
-0.14;-0.1;0.91;192531;4.95;0.64;1.86;-10.49;-2.91;11.65;0.86
0.03;-0.24;0.59;192531;1.73;-1.43;-3.2;-10.49;-2.93;11.71;0.41
-0.17;-0.29;0.47;192532;-2.03;-0.55;-1.19;-10.51;-2.96;11.76;0.34
-0.55;-0.05;0.46;192532;-3.77;2.46;-0.16;-10.56;-2.97;11.81;0.51
-0.9;-0.08;0.92;192532;-3.53;-0.27;4.62;-10.65;-2.98;11.9;1.66
-1.29;-0.08;0.91;192532;-3.85;-0.07;-0.1;-10.78;-2.98;11.99;2.49
-1.45;-0.03;0.7;192532;-1.6;0.49;-2.08;-10.92;-2.99;12.06;2.59
-1.28;-0.4;0.73;192532;1.71;-3.68;0.33;-11.05;-3.03;12.13;2.33
-0.96;-0.23;0.87;192532;3.12;1.69;1.33;-11.15;-3.05;12.22;1.74
-0.44;-0.25;0.87;192532;5.27;-0.2;-0.01;-11.19;-3.08;12.3;1
-0.03;-0.02;0.87;192532;4.05;2.35;0;-11.2;-3.08;12.39;0.75
0.02;-0.03;0.55;192532;0.58;-0.12;-3.15;-11.19;-3.08;12.45;0.3
-0.16;-0.22;0.43;192533;-1.89;-1.89;-1.17;-11.21;-3.1;12.49;0.26
-0.41;0.01;0.51;192533;-2.41;2.32;0.76;-11.25;-3.1;12.54;0.42
-0.96;-0.16;0.97;192533;-5.59;-1.71;4.64;-11.35;-3.12;12.64;1.9
-1.58;-0.15;0.85;192533;-6.2;0.05;-1.27;-11.51;-3.13;12.72;3.25
-1.54;-0.17;0.86;192533;0.44;-0.21;0.13;-11.66;-3.15;12.81;3.14
-1.16;-0.45;0.77;192533;3.77;-2.79;-0.88;-11.78;-3.2;12.89;2.15
-0.68;-0.25;1.02;192533;4.88;2.07;2.46;-11.84;-3.22;12.99;1.55
-0.2;-0.02;0.79;192533;4.78;2.22;-2.28;-11.86;-3.22;13.07;0.66
0.07;-0.18;0.66;192533;2.64;-1.52;-1.25;-11.86;-3.24;13.13;0.48
0.03;-0.16;0.47;192533;-0.38;0.18;-1.97;-11.85;-3.26;13.18;0.24
-0.13;-0.12;0.53;192534;-1.63;0.34;0.63;-11.87;-3.27;13.23;0.32
-0.61;-0.25;0.87;192534;-4.71;-1.21;3.37;-11.93;-3.29;13.32;1.18
-1.3;-0.17;1.04;192534;-6.97;0.74;1.69;-12.06;-3.31;13.42;2.8
-1.54;0.01;0.63;192534;-2.37;1.79;-4.11;-12.21;-3.31;13.49;2.76
-1.43;-0.3;0.95;192534;1.12;-3.06;3.28;-12.35;-3.34;13.58;3.04
-1.1;-0.22;1.13;192534;3.26;0.75;1.72;-12.46;-3.36;13.69;2.53
-0.44;-0.25;0.8;192534;6.59;-0.28;-3.28;-12.51;-3.39;13.77;0.9
0.05;0.19;0.74;192534;4.93;4.45;-0.54;-12.5;-3.37;13.85;0.59
-0.06;-0.18;0.45;192534;-1.14;-3.7;-2.94;-12.51;-3.38;13.89;0.24
-0.14;-0.08;0.44;192534;-0.77;1;-0.15;-12.52;-3.39;13.94;0.22
-0.33;0.08;0.79;192535;-1.88;1.53;3.49;-12.56;-3.38;14.02;0.73
-1.07;-0.26;0.99;192535;-7.43;-3.4;2.02;-12.67;-3.41;14.11;2.2
-1.49;-0.08;0.82;192535;-4.21;1.79;-1.64;-12.81;-3.42;14.2;2.92
-1.49;-0.04;0.82;192535;0;0.41;-0.03;-12.96;-3.42;14.28;2.91
-1.2;0.15;1.36;192535;2.93;1.9;5.43;-13.08;-3.41;14.42;3.32
-0.55;-0.16;0.87;192535;6.46;-3.1;-4.99;-13.14;-3.42;14.5;1.08
-0.2;0.02;0.58;192535;3.56;1.78;-2.83;-13.16;-3.42;14.56;0.38
-0.22;0.09;0.67;192535;-0.23;0.7;0.84;-13.18;-3.41;14.63;0.5
0;-0.14;0.61;192535;2.19;-2.28;-0.57;-13.18;-3.43;14.69;0.39
-0.25;-0.12;0.67;192535;-2.44;0.25;0.56;-13.21;-3.44;14.75;0.52
-0.71;-0.12;0.9;192536;-4.64;-0.07;2.3;-13.28;-3.45;14.84;1.32
-1.39;-0.05;0.83;192536;-6.81;0.78;-0.7;-13.42;-3.46;14.93;2.62
-1.7;-0.22;0.97;192536;-3.07;-1.73;1.43;-13.59;-3.48;15.02;3.87
-1.36;-0.05;1.08;192536;3.42;1.68;1.15;-13.72;-3.48;15.13;3.02
-0.86;-0.1;0.83;192536;4.94;-0.46;-2.51;-13.81;-3.49;15.22;1.45
